<?xml version="1.0" encoding="utf-8"?>
<ScrollView xmlns:android="http://schemas.android.com/apk/res/android"
    style="@android:style/Widget.Material.ScrollView"
    android:layout_width="match_parent"
    android:layout_height="match_parent"
    android:scrollbarStyle="outsideOverlay"
    android:scrollbars="horizontal|vertical">

    <LinearLayout xmlns:android="http://schemas.android.com/apk/res/android"
        xmlns:app="http://schemas.android.com/apk/res-auto"
        xmlns:tools="http://schemas.android.com/tools"
        android:id="@+id/linear21"
        android:layout_width="match_parent"
        android:layout_height="match_parent"
        android:background="@drawable/app_background"
        android:orientation="vertical"
        android:padding="@dimen/padding_size2"
        tools:context="com.alexios.florid.Main2Activity">

        <LinearLayout
            android:id="@+id/linear22"
            android:layout_width="match_parent"
            android:layout_height="213dp"
            android:gravity="center"
            android:orientation="horizontal"
            android:padding="@dimen/padding_size">

            <LinearLayout
                android:id="@+id/linear27"
                android:layout_width="180dp"
                android:layout_height="180dp"
                android:background="@mipmap/ic_launcher"
                android:orientation="horizontal"></LinearLayout>
        </LinearLayout>

        <LinearLayout
            android:id="@+id/linear23"
            android:layout_width="match_parent"
            android:layout_height="wrap_content"
            android:orientation="horizontal"
            android:padding="@dimen/padding_size">

            <TextView
                android:id="@+id/text21"
                android:layout_width="wrap_content"
                android:layout_height="wrap_content"
                android:layout_weight="1"
                android:gravity="center"
                android:text="@string/app_name"
                android:textAllCaps="false"
                android:textSize="36sp"
                android:textStyle="bold" />
        </LinearLayout>

        <LinearLayout
            android:id="@+id/linear24"
            android:layout_width="match_parent"
            android:layout_height="wrap_content"
            android:orientation="horizontal"
            android:padding="@dimen/padding_size">

            <TextView
                android:id="@+id/text22"
                android:layout_width="wrap_content"
                android:layout_height="wrap_content"
                android:layout_weight="1"
                android:gravity="center"
                android:text="@string/version"
                android:textSize="30sp" />
        </LinearLayout>

        <LinearLayout
            android:id="@+id/linear25"
            android:layout_width="match_parent"
            android:layout_height="wrap_content"
            android:orientation="horizontal"
            android:padding="@dimen/padding_size">

            <TextView
                android:id="@+id/text23"
                android:layout_width="wrap_content"
                android:layout_height="wrap_content"
                android:layout_weight="1"
                android:gravity="center"
                android:text="@string/copy_right"
                android:textSize="18sp" />
        </LinearLayout>

        <LinearLayout
            android:id="@+id/linear26"
            android:layout_width="match_parent"
            android:layout_height="match_parent"
            android:orientation="horizontal"
            android:padding="@dimen/padding_size">

            <Button
                android:id="@+id/button"
                android:layout_width="match_parent"
                android:layout_height="wrap_content"
                android:layout_weight="1"
                android:background="@android:color/holo_blue_dark"
                android:backgroundTint="@android:color/holo_purple"
                android:onClick="goBack"
                android:text="@string/learned"
                android:textColor="@android:color/white" />
        </LinearLayout>

    </LinearLayout>
</ScrollView>